"Epitope","n","Epitope.gene","Epitope.species"
"GILGFVFTL",578,"M1","Influenza A"
"GLCTLVAML",118,"BMLF1","Epstein Barr virus (EBV)"
"HPNGYKSLSTL",33,"NS1","Influenza B"
"KLVALGINAV",34,"Genome polyprotein","Hepatitis C virus (HCV)"
"NLVPMVATV",334,"pp65","Cytomegalovirus (CMV)"
"QMMVKAGL",40,"NP","Influenza B"
"QYIKWPWYI",51,"Spike","Severe acute respiratory syndrome coronavirus 2 (SARS-CoV-2)"
"RFPLTFGWCF",55,"Nef","Human immunodeficiency virus 1 (HIV-1)"
"RPIIRPATL",73,"NP","Influenza B"
"SPRWYFYYL",46,"Nucleocapsid","Severe acute respiratory syndrome coronavirus 2 (SARS-CoV-2)"
"TTDPSFLGRY",33,"ORF1ab","Severe acute respiratory syndrome coronavirus 2 (SARS-CoV-2)"
"VLFGLGFAI",42,"IGRP","Homo sapiens (human)"
"YLQPRTFLL",58,"Spike","Severe acute respiratory syndrome coronavirus 2 (SARS-CoV-2)"
"YVLDHLIVV",66,"BMLF1","Epstein Barr virus (EBV)"
